ZipCode,GeoID_Label,Households_Estimate,MHI_Estimate
6390,ZCTA5 06390,77,150703
7421,ZCTA5 07421,2651,90412
10001,ZCTA5 10001,12347,85221
10002,ZCTA5 10002,33461,35449
10003,ZCTA5 10003,26699,104441
10004,ZCTA5 10004,1587,140450
10005,ZCTA5 10005,4239,154213
10006,ZCTA5 10006,1815,145893
10007,ZCTA5 10007,2761,242644
10009,ZCTA5 10009,29725,60521
10010,ZCTA5 10010,15972,115084
10011,ZCTA5 10011,28753,123208
10012,ZCTA5 10012,12349,104561
10013,ZCTA5 10013,12207,106056
10014,ZCTA5 10014,18481,127973
10016,ZCTA5 10016,28681,109250
10017,ZCTA5 10017,10076,118469
10018,ZCTA5 10018,4993,107861
10019,ZCTA5 10019,24512,99063
10020,ZCTA5 10020,0,-
10021,ZCTA5 10021,24912,123842
10022,ZCTA5 10022,17873,133208
10023,ZCTA5 10023,33133,123951
10024,ZCTA5 10024,28418,126107
10025,ZCTA5 10025,42546,82352
10026,ZCTA5 10026,15401,54349
10027,ZCTA5 10027,23607,45536
10028,ZCTA5 10028,26435,119203
10029,ZCTA5 10029,31496,34015
10030,ZCTA5 10030,12258,36118
10031,ZCTA5 10031,22274,44040
10032,ZCTA5 10032,20724,41890
10033,ZCTA5 10033,19586,53044
10034,ZCTA5 10034,16135,50909
10035,ZCTA5 10035,14172,27932
10036,ZCTA5 10036,15624,93707
10037,ZCTA5 10037,9735,39979
10038,ZCTA5 10038,10133,85032
10039,ZCTA5 10039,11153,34197
10040,ZCTA5 10040,16222,47189
10044,ZCTA5 10044,4820,92623
10065,ZCTA5 10065,15878,124322
10069,ZCTA5 10069,2574,137105
10075,ZCTA5 10075,11373,129594
10103,ZCTA5 10103,0,-
10110,ZCTA5 10110,0,-
10111,ZCTA5 10111,0,-
10112,ZCTA5 10112,0,-
10115,ZCTA5 10115,0,-
10119,ZCTA5 10119,0,-
10128,ZCTA5 10128,31644,111937
10152,ZCTA5 10152,0,-
10153,ZCTA5 10153,0,-
10154,ZCTA5 10154,0,-
10162,ZCTA5 10162,655,182530
10165,ZCTA5 10165,0,-
10167,ZCTA5 10167,0,-
10168,ZCTA5 10168,0,-
10169,ZCTA5 10169,0,-
10170,ZCTA5 10170,0,-
10171,ZCTA5 10171,0,-
10172,ZCTA5 10172,0,-
10173,ZCTA5 10173,0,-
10174,ZCTA5 10174,0,-
10177,ZCTA5 10177,0,-
10199,ZCTA5 10199,0,-
10271,ZCTA5 10271,0,-
10278,ZCTA5 10278,0,-
10279,ZCTA5 10279,0,-
10280,ZCTA5 10280,4747,161419
10282,ZCTA5 10282,2412,"250,000+"
10301,ZCTA5 10301,14520,55818
10302,ZCTA5 10302,6266,60968
10303,ZCTA5 10303,8269,59898
10304,ZCTA5 10304,14521,54567
10305,ZCTA5 10305,14694,76044
10306,ZCTA5 10306,19861,80025
10307,ZCTA5 10307,5156,81356
10308,ZCTA5 10308,10653,91953
10309,ZCTA5 10309,11455,100343
10310,ZCTA5 10310,8218,69838
10311,ZCTA5 10311,0,-
10312,ZCTA5 10312,21230,90797
10314,ZCTA5 10314,31307,80956
10451,ZCTA5 10451,18783,26979
10452,ZCTA5 10452,25949,27206
10453,ZCTA5 10453,27338,24421
10454,ZCTA5 10454,13085,21542
10455,ZCTA5 10455,14202,25489
10456,ZCTA5 10456,30096,26724
10457,ZCTA5 10457,24245,27036
10458,ZCTA5 10458,27228,32129
10459,ZCTA5 10459,16066,25762
10460,ZCTA5 10460,20359,25948
10461,ZCTA5 10461,19013,55847
10462,ZCTA5 10462,29679,49962
10463,ZCTA5 10463,28537,58881
10464,ZCTA5 10464,1936,87853
10465,ZCTA5 10465,15685,74079
10466,ZCTA5 10466,23312,49906
10467,ZCTA5 10467,36335,35381
10468,ZCTA5 10468,25557,35398
10469,ZCTA5 10469,22038,61090
10470,ZCTA5 10470,5925,56658
10471,ZCTA5 10471,8726,80932
10472,ZCTA5 10472,21813,30593
10473,ZCTA5 10473,20890,38924
10474,ZCTA5 10474,3514,25896
10475,ZCTA5 10475,18792,48734
10501,ZCTA5 10501,403,146250
10502,ZCTA5 10502,1948,159444
10503,ZCTA5 10503,95,-
10504,ZCTA5 10504,2653,213234
10505,ZCTA5 10505,297,-
10506,ZCTA5 10506,1997,217607
10507,ZCTA5 10507,2097,56736
10509,ZCTA5 10509,6937,97286
10510,ZCTA5 10510,3578,160944
10511,ZCTA5 10511,759,107201
10512,ZCTA5 10512,9071,92945
10514,ZCTA5 10514,4046,"250,000+"
10516,ZCTA5 10516,2160,101071
10517,ZCTA5 10517,139,90125
10518,ZCTA5 10518,425,193472
10519,ZCTA5 10519,97,-
10520,ZCTA5 10520,5260,100417
10522,ZCTA5 10522,3679,126988
10523,ZCTA5 10523,2909,93033
10524,ZCTA5 10524,1447,125912
10526,ZCTA5 10526,650,123357
10527,ZCTA5 10527,251,158977
10528,ZCTA5 10528,4728,116026
10530,ZCTA5 10530,5781,103950
10532,ZCTA5 10532,1672,100278
10533,ZCTA5 10533,2549,142869
10535,ZCTA5 10535,216,65294
10536,ZCTA5 10536,3519,168490
10537,ZCTA5 10537,629,100729
10538,ZCTA5 10538,5898,165735
10541,ZCTA5 10541,8901,107296
10543,ZCTA5 10543,7563,94246
10545,ZCTA5 10545,0,-
10546,ZCTA5 10546,480,178611
10547,ZCTA5 10547,2513,97708
10548,ZCTA5 10548,1289,80369
10549,ZCTA5 10549,5829,105642
10550,ZCTA5 10550,13243,43900
10552,ZCTA5 10552,8390,74386
10553,ZCTA5 10553,3362,68644
10560,ZCTA5 10560,1713,138875
10562,ZCTA5 10562,10475,74226
10566,ZCTA5 10566,9381,54709
10567,ZCTA5 10567,6896,114207
10570,ZCTA5 10570,4089,132601
10573,ZCTA5 10573,12360,76097
10576,ZCTA5 10576,1974,195167
10577,ZCTA5 10577,790,213173
10578,ZCTA5 10578,276,105625
10579,ZCTA5 10579,3114,116223
10580,ZCTA5 10580,5954,178333
10583,ZCTA5 10583,13677,186053
10588,ZCTA5 10588,1078,76777
10589,ZCTA5 10589,3814,94901
10590,ZCTA5 10590,2594,135000
10591,ZCTA5 10591,8906,89478
10594,ZCTA5 10594,1572,144750
10595,ZCTA5 10595,2289,108586
10596,ZCTA5 10596,486,92283
10597,ZCTA5 10597,353,"250,000+"
10598,ZCTA5 10598,10533,121250
10601,ZCTA5 10601,5363,74177
10603,ZCTA5 10603,6881,100013
10604,ZCTA5 10604,3808,88750
10605,ZCTA5 10605,6826,111201
10606,ZCTA5 10606,5529,79379
10607,ZCTA5 10607,2242,139135
10701,ZCTA5 10701,22181,46519
10703,ZCTA5 10703,7263,60068
10704,ZCTA5 10704,12451,74908
10705,ZCTA5 10705,13941,49110
10706,ZCTA5 10706,3301,132981
10707,ZCTA5 10707,4005,83445
10708,ZCTA5 10708,9075,106808
10709,ZCTA5 10709,3666,113643
10710,ZCTA5 10710,10300,85417
10801,ZCTA5 10801,14420,58736
10803,ZCTA5 10803,4020,146833
10804,ZCTA5 10804,4975,179527
10805,ZCTA5 10805,7773,66006
10901,ZCTA5 10901,8672,94465
10910,ZCTA5 10910,25,-
10911,ZCTA5 10911,0,-
10913,ZCTA5 10913,1605,127563
10914,ZCTA5 10914,131,131417
10915,ZCTA5 10915,30,-
10916,ZCTA5 10916,1257,104238
10917,ZCTA5 10917,583,99950
10918,ZCTA5 10918,3930,102730
10919,ZCTA5 10919,455,100341
10920,ZCTA5 10920,2967,107036
10921,ZCTA5 10921,1356,86429
10922,ZCTA5 10922,592,98333
10923,ZCTA5 10923,2645,82813
10924,ZCTA5 10924,4412,95468
10925,ZCTA5 10925,1676,84079
10926,ZCTA5 10926,1267,77813
10927,ZCTA5 10927,3683,56862
10928,ZCTA5 10928,1848,74423
10930,ZCTA5 10930,2759,131832
10931,ZCTA5 10931,325,68819
10932,ZCTA5 10932,35,-
10933,ZCTA5 10933,215,95320
10940,ZCTA5 10940,18037,60094
10941,ZCTA5 10941,4820,66812
10950,ZCTA5 10950,12814,72573
10952,ZCTA5 10952,9119,56236
10953,ZCTA5 10953,65,-
10954,ZCTA5 10954,8403,100472
10956,ZCTA5 10956,10251,124606
10958,ZCTA5 10958,958,102396
10960,ZCTA5 10960,6286,83977
10962,ZCTA5 10962,1856,105000
10963,ZCTA5 10963,905,73438
10964,ZCTA5 10964,511,121528
10965,ZCTA5 10965,5392,100962
10968,ZCTA5 10968,1112,102847
10969,ZCTA5 10969,500,83333
10970,ZCTA5 10970,3628,88919
10973,ZCTA5 10973,813,85398
10974,ZCTA5 10974,1141,88558
10975,ZCTA5 10975,144,-
10976,ZCTA5 10976,783,59896
10977,ZCTA5 10977,15647,55277
10979,ZCTA5 10979,91,71292
10980,ZCTA5 10980,4690,98516
10983,ZCTA5 10983,1900,112831
10984,ZCTA5 10984,983,122098
10985,ZCTA5 10985,50,173710
10986,ZCTA5 10986,592,126959
10987,ZCTA5 10987,1315,105972
10988,ZCTA5 10988,266,81154
10989,ZCTA5 10989,3484,107690
10990,ZCTA5 10990,7348,94091
10992,ZCTA5 10992,3087,95107
10993,ZCTA5 10993,1576,56154
10994,ZCTA5 10994,2684,145313
10996,ZCTA5 10996,790,100234
10998,ZCTA5 10998,1006,88548
11001,ZCTA5 11001,9109,104890
11003,ZCTA5 11003,12106,94746
11004,ZCTA5 11004,5026,93315
11005,ZCTA5 11005,1306,51801
11010,ZCTA5 11010,7708,102023
11020,ZCTA5 11020,1901,118906
11021,ZCTA5 11021,8003,93598
11023,ZCTA5 11023,2947,111607
11024,ZCTA5 11024,2075,101824
11030,ZCTA5 11030,6206,182000
11040,ZCTA5 11040,12862,118457
11042,ZCTA5 11042,0,-
11050,ZCTA5 11050,10981,112567
11096,ZCTA5 11096,2649,53875
11101,ZCTA5 11101,12474,57866
11102,ZCTA5 11102,13627,60436
11103,ZCTA5 11103,16113,65229
11104,ZCTA5 11104,11412,63122
11105,ZCTA5 11105,15227,68050
11106,ZCTA5 11106,17127,60725
11109,ZCTA5 11109,2891,137452
11201,ZCTA5 11201,26923,116446
11203,ZCTA5 11203,27464,48140
11204,ZCTA5 11204,24243,47341
11205,ZCTA5 11205,15843,51574
11206,ZCTA5 11206,30516,34122
11207,ZCTA5 11207,32625,35809
11208,ZCTA5 11208,31393,39588
11209,ZCTA5 11209,29220,69578
11210,ZCTA5 11210,22310,62202
11211,ZCTA5 11211,38660,66113
11212,ZCTA5 11212,31484,25677
11213,ZCTA5 11213,24731,40604
11214,ZCTA5 11214,31945,53151
11215,ZCTA5 11215,28880,116893
11216,ZCTA5 11216,23800,56025
11217,ZCTA5 11217,16856,99085
11218,ZCTA5 11218,24967,64152
11219,ZCTA5 11219,25240,37665
11220,ZCTA5 11220,28766,42559
11221,ZCTA5 11221,29818,47170
11222,ZCTA5 11222,17508,78287
11223,ZCTA5 11223,27527,46310
11224,ZCTA5 11224,18551,31630
11225,ZCTA5 11225,23462,51926
11226,ZCTA5 11226,36677,48495
11228,ZCTA5 11228,15033,63697
11229,ZCTA5 11229,31058,59287
11230,ZCTA5 11230,30831,46013
11231,ZCTA5 11231,15562,93575
11232,ZCTA5 11232,8808,53908
11233,ZCTA5 11233,28424,36009
11234,ZCTA5 11234,31926,79490
11235,ZCTA5 11235,32828,49653
11236,ZCTA5 11236,32903,63700
11237,ZCTA5 11237,16789,51269
11238,ZCTA5 11238,24510,79013
11239,ZCTA5 11239,6569,26002
11351,ZCTA5 11351,0,-
11354,ZCTA5 11354,20299,44512
11355,ZCTA5 11355,27523,38370
11356,ZCTA5 11356,7541,59712
11357,ZCTA5 11357,14735,81053
11358,ZCTA5 11358,12820,65932
11359,ZCTA5 11359,0,-
11360,ZCTA5 11360,8382,84476
11361,ZCTA5 11361,10378,82020
11362,ZCTA5 11362,7163,80828
11363,ZCTA5 11363,2620,97784
11364,ZCTA5 11364,13385,71030
11365,ZCTA5 11365,15657,63455
11366,ZCTA5 11366,4456,67115
11367,ZCTA5 11367,14670,58924
11368,ZCTA5 11368,28275,47862
11369,ZCTA5 11369,10720,53426
11370,ZCTA5 11370,8365,59901
11371,ZCTA5 11371,0,-
11372,ZCTA5 11372,24051,53963
11373,ZCTA5 11373,30216,49098
11374,ZCTA5 11374,19276,56863
11375,ZCTA5 11375,32492,76467
11377,ZCTA5 11377,31464,54989
11378,ZCTA5 11378,12623,68460
11379,ZCTA5 11379,13528,79573
11385,ZCTA5 11385,34993,64481
11411,ZCTA5 11411,6052,87231
11412,ZCTA5 11412,10957,75307
11413,ZCTA5 11413,12133,83459
11414,ZCTA5 11414,10511,72632
11415,ZCTA5 11415,8489,65981
11416,ZCTA5 11416,7216,61285
11417,ZCTA5 11417,9035,69989
11418,ZCTA5 11418,10940,67003
11419,ZCTA5 11419,12724,65711
11420,ZCTA5 11420,13226,66220
11421,ZCTA5 11421,11972,69053
11422,ZCTA5 11422,9686,86996
11423,ZCTA5 11423,9817,66455
11424,ZCTA5 11424,0,-
11425,ZCTA5 11425,0,-
11426,ZCTA5 11426,6388,83376
11427,ZCTA5 11427,7487,72874
11428,ZCTA5 11428,5611,71663
11429,ZCTA5 11429,7387,80464
11430,ZCTA5 11430,0,-
11432,ZCTA5 11432,18390,52975
11433,ZCTA5 11433,10423,48795
11434,ZCTA5 11434,20993,60702
11435,ZCTA5 11435,18795,59535
11436,ZCTA5 11436,5628,69259
11451,ZCTA5 11451,0,-
11501,ZCTA5 11501,7543,90007
11507,ZCTA5 11507,2325,118807
11509,ZCTA5 11509,882,140714
11510,ZCTA5 11510,10712,102810
11514,ZCTA5 11514,1672,88455
11516,ZCTA5 11516,2192,98696
11518,ZCTA5 11518,3891,92682
11520,ZCTA5 11520,13759,71423
11530,ZCTA5 11530,9321,151809
11542,ZCTA5 11542,9742,75685
11545,ZCTA5 11545,4369,149174
11547,ZCTA5 11547,254,96250
11548,ZCTA5 11548,522,123056
11549,ZCTA5 11549,0,-
11550,ZCTA5 11550,16355,59580
11552,ZCTA5 11552,7285,108628
11553,ZCTA5 11553,6285,69914
11554,ZCTA5 11554,12196,94513
11556,ZCTA5 11556,0,-
11557,ZCTA5 11557,2643,116754
11558,ZCTA5 11558,2919,89715
11559,ZCTA5 11559,2677,106597
11560,ZCTA5 11560,2260,116875
11561,ZCTA5 11561,16131,89050
11563,ZCTA5 11563,8006,91042
11565,ZCTA5 11565,3233,108656
11566,ZCTA5 11566,11225,142862
11568,ZCTA5 11568,1044,175833
11569,ZCTA5 11569,475,130547
11570,ZCTA5 11570,10100,107111
11572,ZCTA5 11572,10222,109944
11575,ZCTA5 11575,4293,79232
11576,ZCTA5 11576,4662,158125
11577,ZCTA5 11577,4298,126830
11579,ZCTA5 11579,1961,115822
11580,ZCTA5 11580,13242,103475
11581,ZCTA5 11581,6838,104795
11590,ZCTA5 11590,14156,101095
11596,ZCTA5 11596,3604,116250
11598,ZCTA5 11598,3896,140573
11691,ZCTA5 11691,20155,42434
11692,ZCTA5 11692,6417,45816
11693,ZCTA5 11693,4767,57443
11694,ZCTA5 11694,8319,77547
11697,ZCTA5 11697,1398,99792
11701,ZCTA5 11701,8463,80563
11702,ZCTA5 11702,4963,118708
11703,ZCTA5 11703,5429,94407
11704,ZCTA5 11704,12647,84448
11705,ZCTA5 11705,2696,106474
11706,ZCTA5 11706,18712,84405
11709,ZCTA5 11709,2472,102722
11710,ZCTA5 11710,11474,122627
11713,ZCTA5 11713,3211,72569
11714,ZCTA5 11714,7673,105011
11715,ZCTA5 11715,1581,117313
11716,ZCTA5 11716,3632,83000
11717,ZCTA5 11717,13587,74202
11718,ZCTA5 11718,1116,123152
11719,ZCTA5 11719,1124,82083
11720,ZCTA5 11720,8816,97682
11721,ZCTA5 11721,2264,123333
11722,ZCTA5 11722,9468,68588
11724,ZCTA5 11724,1049,207656
11725,ZCTA5 11725,9903,119503
11726,ZCTA5 11726,5835,71418
11727,ZCTA5 11727,10910,79302
11729,ZCTA5 11729,8939,86124
11730,ZCTA5 11730,4361,119826
11731,ZCTA5 11731,10136,106854
11732,ZCTA5 11732,1422,111000
11733,ZCTA5 11733,5613,147330
11735,ZCTA5 11735,11414,102500
11738,ZCTA5 11738,5183,97583
11739,ZCTA5 11739,321,135781
11740,ZCTA5 11740,3175,102455
11741,ZCTA5 11741,9024,99308
11742,ZCTA5 11742,4554,94595
11743,ZCTA5 11743,15132,119133
11746,ZCTA5 11746,20740,107221
11747,ZCTA5 11747,7070,119876
11749,ZCTA5 11749,982,90966
11751,ZCTA5 11751,5067,95975
11752,ZCTA5 11752,2954,94593
11753,ZCTA5 11753,4253,166272
11754,ZCTA5 11754,6613,100822
11755,ZCTA5 11755,4167,103574
11756,ZCTA5 11756,13479,108999
11757,ZCTA5 11757,14550,84727
11758,ZCTA5 11758,18449,111189
11762,ZCTA5 11762,7358,124220
11763,ZCTA5 11763,9316,82543
11764,ZCTA5 11764,4187,120063
11765,ZCTA5 11765,247,206250
11766,ZCTA5 11766,4207,112953
11767,ZCTA5 11767,4996,120230
11768,ZCTA5 11768,7959,122080
11769,ZCTA5 11769,3367,89673
11770,ZCTA5 11770,23,98750
11771,ZCTA5 11771,3649,122589
11772,ZCTA5 11772,17022,70618
11776,ZCTA5 11776,7899,97068
11777,ZCTA5 11777,3421,106840
11778,ZCTA5 11778,4165,93677
11779,ZCTA5 11779,12660,91486
11780,ZCTA5 11780,5410,114423
11782,ZCTA5 11782,5290,108679
11783,ZCTA5 11783,6960,124861
11784,ZCTA5 11784,7981,87379
11786,ZCTA5 11786,1938,126625
11787,ZCTA5 11787,12006,122917
11788,ZCTA5 11788,5548,108074
11789,ZCTA5 11789,2863,81761
11790,ZCTA5 11790,4529,135197
11791,ZCTA5 11791,8275,163801
11792,ZCTA5 11792,2944,125000
11793,ZCTA5 11793,10385,126875
11794,ZCTA5 11794,0,-
11795,ZCTA5 11795,7941,111581
11796,ZCTA5 11796,1216,92500
11797,ZCTA5 11797,3022,166949
11798,ZCTA5 11798,3709,75350
11801,ZCTA5 11801,12516,100245
11803,ZCTA5 11803,9632,134375
11804,ZCTA5 11804,1703,112153
11901,ZCTA5 11901,10047,59624
11930,ZCTA5 11930,445,94185
11931,ZCTA5 11931,19,-
11932,ZCTA5 11932,440,82188
11933,ZCTA5 11933,2970,57933
11934,ZCTA5 11934,2512,100691
11935,ZCTA5 11935,1257,94228
11937,ZCTA5 11937,6488,94612
11939,ZCTA5 11939,431,72566
11940,ZCTA5 11940,1848,102197
11941,ZCTA5 11941,762,106563
11942,ZCTA5 11942,1804,82446
11944,ZCTA5 11944,1726,59254
11946,ZCTA5 11946,5533,78284
11947,ZCTA5 11947,138,-
11948,ZCTA5 11948,386,84631
11949,ZCTA5 11949,4873,103542
11950,ZCTA5 11950,4674,75093
11951,ZCTA5 11951,4803,66493
11952,ZCTA5 11952,1987,81380
11953,ZCTA5 11953,5201,72635
11954,ZCTA5 11954,1528,87717
11955,ZCTA5 11955,1750,62256
11956,ZCTA5 11956,127,66477
11957,ZCTA5 11957,331,71125
11958,ZCTA5 11958,256,87750
11959,ZCTA5 11959,398,92750
11960,ZCTA5 11960,301,84375
11961,ZCTA5 11961,5392,61932
11962,ZCTA5 11962,123,118250
11963,ZCTA5 11963,2662,90833
11964,ZCTA5 11964,859,81352
11965,ZCTA5 11965,336,119583
11967,ZCTA5 11967,7916,82378
11968,ZCTA5 11968,4469,82809
11970,ZCTA5 11970,89,-
11971,ZCTA5 11971,2673,81654
11972,ZCTA5 11972,457,86083
11973,ZCTA5 11973,0,-
11975,ZCTA5 11975,111,71875
11976,ZCTA5 11976,889,115875
11977,ZCTA5 11977,817,106354
11978,ZCTA5 11978,1228,84516
11980,ZCTA5 11980,1780,96574
12007,ZCTA5 12007,0,-
12008,ZCTA5 12008,161,103472
12009,ZCTA5 12009,2953,93975
12010,ZCTA5 12010,11641,49553
12015,ZCTA5 12015,1040,58684
12017,ZCTA5 12017,167,75809
12018,ZCTA5 12018,2825,91075
12019,ZCTA5 12019,5864,98600
12020,ZCTA5 12020,13235,77157
12022,ZCTA5 12022,418,50833
12023,ZCTA5 12023,777,68807
12024,ZCTA5 12024,0,-
12025,ZCTA5 12025,2248,66548
12027,ZCTA5 12027,1466,92159
12028,ZCTA5 12028,317,69338
12029,ZCTA5 12029,400,84342
12031,ZCTA5 12031,84,43125
12032,ZCTA5 12032,382,47738
12033,ZCTA5 12033,3126,73521
12035,ZCTA5 12035,286,35921
12036,ZCTA5 12036,111,41696
12037,ZCTA5 12037,1852,63182
12040,ZCTA5 12040,63,40809
12041,ZCTA5 12041,243,87566
12042,ZCTA5 12042,118,44583
12043,ZCTA5 12043,3026,48778
12045,ZCTA5 12045,196,51389
12046,ZCTA5 12046,390,82692
12047,ZCTA5 12047,8978,53977
12051,ZCTA5 12051,1405,64777
12052,ZCTA5 12052,716,66579
12053,ZCTA5 12053,1509,85721
12054,ZCTA5 12054,6883,100677
12056,ZCTA5 12056,689,84150
12057,ZCTA5 12057,867,60625
12058,ZCTA5 12058,591,82768
12059,ZCTA5 12059,646,84091
12060,ZCTA5 12060,636,71500
12061,ZCTA5 12061,3629,82378
12062,ZCTA5 12062,646,72500
12063,ZCTA5 12063,138,81607
12064,ZCTA5 12064,204,44545
12065,ZCTA5 12065,17591,86892
12066,ZCTA5 12066,771,62284
12067,ZCTA5 12067,598,75909
12068,ZCTA5 12068,1224,58673
12069,ZCTA5 12069,73,38984
12070,ZCTA5 12070,629,65433
12071,ZCTA5 12071,125,52375
12072,ZCTA5 12072,933,50156
12074,ZCTA5 12074,1223,71314
12075,ZCTA5 12075,1125,61922
12076,ZCTA5 12076,626,57778
12077,ZCTA5 12077,2489,98716
12078,ZCTA5 12078,10011,40692
12083,ZCTA5 12083,1438,72035
12084,ZCTA5 12084,2052,64868
12085,ZCTA5 12085,140,43710
12086,ZCTA5 12086,714,57727
12087,ZCTA5 12087,335,73720
12089,ZCTA5 12089,66,94904
12090,ZCTA5 12090,2482,49444
12092,ZCTA5 12092,342,32692
12093,ZCTA5 12093,674,51316
12094,ZCTA5 12094,915,81850
12095,ZCTA5 12095,4872,51022
12106,ZCTA5 12106,1095,74688
12108,ZCTA5 12108,108,66667
12110,ZCTA5 12110,7618,76652
12115,ZCTA5 12115,72,85682
12116,ZCTA5 12116,822,50278
12117,ZCTA5 12117,1412,55417
12118,ZCTA5 12118,6465,70042
12120,ZCTA5 12120,239,49732
12121,ZCTA5 12121,610,79817
12122,ZCTA5 12122,2061,45188
12123,ZCTA5 12123,2195,82478
12124,ZCTA5 12124,249,98220
12125,ZCTA5 12125,612,54015
12130,ZCTA5 12130,308,-
12131,ZCTA5 12131,39,53750
12132,ZCTA5 12132,127,49395
12134,ZCTA5 12134,1476,53269
12136,ZCTA5 12136,346,102829
12137,ZCTA5 12137,687,64213
12138,ZCTA5 12138,1357,58036
12139,ZCTA5 12139,59,57750
12140,ZCTA5 12140,631,94226
12143,ZCTA5 12143,2008,55179
12144,ZCTA5 12144,8918,65591
12147,ZCTA5 12147,231,69375
12148,ZCTA5 12148,1870,107302
12149,ZCTA5 12149,967,51417
12150,ZCTA5 12150,286,66944
12151,ZCTA5 12151,325,83681
12153,ZCTA5 12153,357,78942
12154,ZCTA5 12154,1059,65890
12155,ZCTA5 12155,731,49250
12156,ZCTA5 12156,385,68393
12157,ZCTA5 12157,1628,59500
12158,ZCTA5 12158,2601,85458
12159,ZCTA5 12159,3291,86991
12160,ZCTA5 12160,346,66667
12161,ZCTA5 12161,82,78750
12164,ZCTA5 12164,57,65625
12165,ZCTA5 12165,79,-
12166,ZCTA5 12166,545,44659
12167,ZCTA5 12167,1167,45650
12168,ZCTA5 12168,929,63576
12169,ZCTA5 12169,107,95673
12170,ZCTA5 12170,1878,66231
12172,ZCTA5 12172,108,46176
12173,ZCTA5 12173,760,80238
12174,ZCTA5 12174,110,-
12175,ZCTA5 12175,210,50694
12176,ZCTA5 12176,135,75846
12177,ZCTA5 12177,242,58269
12180,ZCTA5 12180,21529,50669
12182,ZCTA5 12182,6206,45281
12183,ZCTA5 12183,1206,49875
12184,ZCTA5 12184,2566,76250
12185,ZCTA5 12185,789,78472
12186,ZCTA5 12186,2471,92852
12187,ZCTA5 12187,199,49732
12188,ZCTA5 12188,4726,65991
12189,ZCTA5 12189,7952,52363
12190,ZCTA5 12190,190,53125
12192,ZCTA5 12192,709,83533
12193,ZCTA5 12193,725,77396
12194,ZCTA5 12194,64,45500
12195,ZCTA5 12195,92,19359
12196,ZCTA5 12196,1211,91699
12197,ZCTA5 12197,886,45488
12198,ZCTA5 12198,2976,82864
12202,ZCTA5 12202,4172,28857
12203,ZCTA5 12203,13576,55817
12204,ZCTA5 12204,3666,50721
12205,ZCTA5 12205,11158,64107
12206,ZCTA5 12206,6147,31812
12207,ZCTA5 12207,915,12396
12208,ZCTA5 12208,9760,60430
12209,ZCTA5 12209,4130,49853
12210,ZCTA5 12210,5192,46712
12211,ZCTA5 12211,4284,100357
12222,ZCTA5 12222,0,-
12302,ZCTA5 12302,10057,74199
12303,ZCTA5 12303,10369,61916
12304,ZCTA5 12304,8311,48750
12305,ZCTA5 12305,2232,30625
12306,ZCTA5 12306,9015,62977
12307,ZCTA5 12307,1922,22394
12308,ZCTA5 12308,4997,48337
12309,ZCTA5 12309,10356,101594
12401,ZCTA5 12401,14466,51016
12404,ZCTA5 12404,1509,60625
12405,ZCTA5 12405,168,48750
12406,ZCTA5 12406,457,42153
12407,ZCTA5 12407,95,37031
12409,ZCTA5 12409,313,88906
12410,ZCTA5 12410,256,58000
12411,ZCTA5 12411,130,84474
12412,ZCTA5 12412,259,65676
12413,ZCTA5 12413,1038,38333
12414,ZCTA5 12414,3919,41264
12416,ZCTA5 12416,56,25769
12417,ZCTA5 12417,172,79063
12418,ZCTA5 12418,108,72727
12419,ZCTA5 12419,277,51563
12420,ZCTA5 12420,142,100938
12421,ZCTA5 12421,159,53942
12422,ZCTA5 12422,130,81000
12423,ZCTA5 12423,421,43789
12424,ZCTA5 12424,106,68750
12427,ZCTA5 12427,136,92262
12428,ZCTA5 12428,2572,46037
12429,ZCTA5 12429,102,88750
12430,ZCTA5 12430,535,52483
12431,ZCTA5 12431,415,38605
12432,ZCTA5 12432,201,52969
12433,ZCTA5 12433,236,138134
12434,ZCTA5 12434,306,31905
12435,ZCTA5 12435,111,58958
12436,ZCTA5 12436,78,-
12438,ZCTA5 12438,18,-
12439,ZCTA5 12439,125,41705
12440,ZCTA5 12440,953,59250
12441,ZCTA5 12441,12,-
12442,ZCTA5 12442,411,35273
12443,ZCTA5 12443,1597,85781
12444,ZCTA5 12444,250,53750
12446,ZCTA5 12446,1989,57328
12448,ZCTA5 12448,235,109531
12449,ZCTA5 12449,1184,44500
12450,ZCTA5 12450,71,-
12451,ZCTA5 12451,477,64963
12452,ZCTA5 12452,116,29583
12453,ZCTA5 12453,115,35755
12454,ZCTA5 12454,107,70313
12455,ZCTA5 12455,914,41736
12456,ZCTA5 12456,213,46198
12457,ZCTA5 12457,394,34583
12458,ZCTA5 12458,927,52798
12459,ZCTA5 12459,113,39213
12460,ZCTA5 12460,113,25809
12461,ZCTA5 12461,771,64120
12463,ZCTA5 12463,571,72125
12464,ZCTA5 12464,485,40256
12465,ZCTA5 12465,113,57404
12466,ZCTA5 12466,997,68893
12468,ZCTA5 12468,455,48750
12469,ZCTA5 12469,270,49500
12470,ZCTA5 12470,147,47375
12471,ZCTA5 12471,86,-
12472,ZCTA5 12472,682,54318
12473,ZCTA5 12473,418,75125
12474,ZCTA5 12474,524,45486
12475,ZCTA5 12475,127,-
12477,ZCTA5 12477,7410,58478
12480,ZCTA5 12480,303,68472
12481,ZCTA5 12481,576,56053
12482,ZCTA5 12482,207,41220
12483,ZCTA5 12483,175,-
12484,ZCTA5 12484,1194,60517
12485,ZCTA5 12485,580,54918
12486,ZCTA5 12486,595,93011
12487,ZCTA5 12487,1347,64699
12489,ZCTA5 12489,134,78649
12490,ZCTA5 12490,13,-
12491,ZCTA5 12491,643,62868
12492,ZCTA5 12492,132,50455
12493,ZCTA5 12493,144,88173
12494,ZCTA5 12494,322,65913
12495,ZCTA5 12495,134,130750
12496,ZCTA5 12496,604,57045
12498,ZCTA5 12498,2414,72722
12501,ZCTA5 12501,1047,64250
12502,ZCTA5 12502,476,76034
12503,ZCTA5 12503,265,65104
12504,ZCTA5 12504,46,145833
12507,ZCTA5 12507,75,73250
12508,ZCTA5 12508,7013,73396
12512,ZCTA5 12512,60,-
12513,ZCTA5 12513,187,65660
12514,ZCTA5 12514,1190,104621
12515,ZCTA5 12515,566,55976
12516,ZCTA5 12516,661,71435
12517,ZCTA5 12517,216,44833
12518,ZCTA5 12518,2439,76506
12520,ZCTA5 12520,1073,102386
12521,ZCTA5 12521,614,90046
12522,ZCTA5 12522,1958,51799
12523,ZCTA5 12523,698,75263
12524,ZCTA5 12524,5945,79197
12525,ZCTA5 12525,1132,75167
12526,ZCTA5 12526,1531,74744
12527,ZCTA5 12527,0,-
12528,ZCTA5 12528,4937,71857
12529,ZCTA5 12529,1101,59375
12530,ZCTA5 12530,89,-
12531,ZCTA5 12531,1076,81860
12533,ZCTA5 12533,8786,101762
12534,ZCTA5 12534,7726,46508
12538,ZCTA5 12538,4946,73621
12540,ZCTA5 12540,2706,109444
12542,ZCTA5 12542,2324,75000
12543,ZCTA5 12543,1339,61563
12545,ZCTA5 12545,1979,81219
12546,ZCTA5 12546,1217,54931
12547,ZCTA5 12547,1004,78963
12548,ZCTA5 12548,584,55703
12549,ZCTA5 12549,3867,90792
12550,ZCTA5 12550,18777,58534
12553,ZCTA5 12553,9294,73836
12561,ZCTA5 12561,6170,68340
12563,ZCTA5 12563,2238,88438
12564,ZCTA5 12564,2763,84556
12565,ZCTA5 12565,572,39891
12566,ZCTA5 12566,3790,76148
12567,ZCTA5 12567,1248,57727
12569,ZCTA5 12569,4124,80050
12570,ZCTA5 12570,2571,102835
12571,ZCTA5 12571,3991,74142
12572,ZCTA5 12572,3651,79628
12574,ZCTA5 12574,93,-
12575,ZCTA5 12575,764,101912
12577,ZCTA5 12577,553,126442
12578,ZCTA5 12578,846,102639
12580,ZCTA5 12580,1504,75750
12581,ZCTA5 12581,929,76750
12582,ZCTA5 12582,1432,103771
12583,ZCTA5 12583,830,74375
12585,ZCTA5 12585,301,110114
12586,ZCTA5 12586,4143,74350
12589,ZCTA5 12589,4825,83143
12590,ZCTA5 12590,12583,84295
12592,ZCTA5 12592,402,53906
12594,ZCTA5 12594,1507,62953
12601,ZCTA5 12601,15874,43802
12603,ZCTA5 12603,15642,80240
12604,ZCTA5 12604,6,-
12701,ZCTA5 12701,4153,37767
12719,ZCTA5 12719,506,56923
12720,ZCTA5 12720,120,82560
12721,ZCTA5 12721,1981,64801
12722,ZCTA5 12722,78,73250
12723,ZCTA5 12723,636,53600
12724,ZCTA5 12724,155,64491
12725,ZCTA5 12725,76,78333
12726,ZCTA5 12726,513,67813
12729,ZCTA5 12729,842,49091
12732,ZCTA5 12732,348,40625
12733,ZCTA5 12733,322,32188
12734,ZCTA5 12734,358,73300
12736,ZCTA5 12736,29,-
12737,ZCTA5 12737,648,75488
12738,ZCTA5 12738,159,61830
12740,ZCTA5 12740,632,70608
12741,ZCTA5 12741,120,57857
12742,ZCTA5 12742,35,-
12743,ZCTA5 12743,168,51635
12745,ZCTA5 12745,84,59000
12746,ZCTA5 12746,384,90690
12747,ZCTA5 12747,621,64708
12748,ZCTA5 12748,778,66500
12749,ZCTA5 12749,195,52829
12750,ZCTA5 12750,79,78125
12751,ZCTA5 12751,299,50288
12752,ZCTA5 12752,120,40000
12754,ZCTA5 12754,2475,37485
12758,ZCTA5 12758,1643,50388
12759,ZCTA5 12759,619,27450
12760,ZCTA5 12760,213,57560
12762,ZCTA5 12762,224,38571
12763,ZCTA5 12763,219,67734
12764,ZCTA5 12764,737,46736
12765,ZCTA5 12765,368,88553
12766,ZCTA5 12766,142,68661
12767,ZCTA5 12767,39,108250
12768,ZCTA5 12768,338,64278
12769,ZCTA5 12769,116,76250
12770,ZCTA5 12770,109,70703
12771,ZCTA5 12771,5389,52333
12775,ZCTA5 12775,742,94643
12776,ZCTA5 12776,907,53516
12777,ZCTA5 12777,402,80500
12778,ZCTA5 12778,262,-
12779,ZCTA5 12779,635,37900
12780,ZCTA5 12780,850,44412
12781,ZCTA5 12781,53,-
12783,ZCTA5 12783,493,66917
12784,ZCTA5 12784,12,-
12785,ZCTA5 12785,358,50750
12786,ZCTA5 12786,220,49886
12787,ZCTA5 12787,104,58214
12788,ZCTA5 12788,748,58103
12789,ZCTA5 12789,991,45250
12790,ZCTA5 12790,1740,62391
12791,ZCTA5 12791,236,77600
12792,ZCTA5 12792,62,42813
12801,ZCTA5 12801,6389,48901
12803,ZCTA5 12803,3581,60371
12804,ZCTA5 12804,10729,70273
12808,ZCTA5 12808,199,62396
12809,ZCTA5 12809,1418,50950
12810,ZCTA5 12810,283,58304
12811,ZCTA5 12811,18,-
12812,ZCTA5 12812,37,71042
12814,ZCTA5 12814,582,57857
12815,ZCTA5 12815,440,63036
12816,ZCTA5 12816,1994,53281
12817,ZCTA5 12817,1028,61463
12819,ZCTA5 12819,136,59643
12821,ZCTA5 12821,141,-
12822,ZCTA5 12822,2366,55263
12823,ZCTA5 12823,151,-
12824,ZCTA5 12824,496,64231
12827,ZCTA5 12827,1435,62404
12828,ZCTA5 12828,3579,50320
12831,ZCTA5 12831,6488,82443
12832,ZCTA5 12832,2698,41635
12833,ZCTA5 12833,1715,80469
12834,ZCTA5 12834,2547,72523
12835,ZCTA5 12835,1040,55893
12836,ZCTA5 12836,319,58281
12837,ZCTA5 12837,317,60573
12838,ZCTA5 12838,225,59044
12839,ZCTA5 12839,5135,47407
12841,ZCTA5 12841,67,55208
12842,ZCTA5 12842,230,55813
12843,ZCTA5 12843,162,32177
12844,ZCTA5 12844,99,60469
12845,ZCTA5 12845,1996,67278
12846,ZCTA5 12846,1290,53676
12847,ZCTA5 12847,101,55694
12849,ZCTA5 12849,146,66635
12850,ZCTA5 12850,1248,76316
12851,ZCTA5 12851,135,39792
12852,ZCTA5 12852,224,46500
12853,ZCTA5 12853,661,38813
12855,ZCTA5 12855,116,45000
12856,ZCTA5 12856,50,-
12857,ZCTA5 12857,199,56875
12858,ZCTA5 12858,41,72188
12859,ZCTA5 12859,861,66250
12860,ZCTA5 12860,259,65286
12861,ZCTA5 12861,296,54333
12862,ZCTA5 12862,6,-
12863,ZCTA5 12863,275,116125
12864,ZCTA5 12864,26,-
12865,ZCTA5 12865,1608,60172
12866,ZCTA5 12866,17005,77977
12870,ZCTA5 12870,491,48542
12871,ZCTA5 12871,1651,68493
12872,ZCTA5 12872,17,29625
12873,ZCTA5 12873,345,47917
12874,ZCTA5 12874,87,71458
12878,ZCTA5 12878,280,51389
12883,ZCTA5 12883,2055,48750
12884,ZCTA5 12884,166,43750
12885,ZCTA5 12885,1829,48264
12886,ZCTA5 12886,86,98571
12887,ZCTA5 12887,1946,44677
12901,ZCTA5 12901,13086,48563
12903,ZCTA5 12903,597,57625
12910,ZCTA5 12910,606,45444
12911,ZCTA5 12911,4,-
12912,ZCTA5 12912,866,57819
12913,ZCTA5 12913,540,57813
12914,ZCTA5 12914,353,50938
12916,ZCTA5 12916,804,62549
12917,ZCTA5 12917,587,52171
12918,ZCTA5 12918,890,61886
12919,ZCTA5 12919,1274,35641
12920,ZCTA5 12920,1016,55615
12921,ZCTA5 12921,961,74668
12922,ZCTA5 12922,20,-
12923,ZCTA5 12923,256,41667
12924,ZCTA5 12924,54,-
12926,ZCTA5 12926,906,47857
12927,ZCTA5 12927,103,35625
12928,ZCTA5 12928,741,52878
12929,ZCTA5 12929,292,46500
12930,ZCTA5 12930,285,48750
12932,ZCTA5 12932,559,47950
12933,ZCTA5 12933,15,-
12934,ZCTA5 12934,395,43036
12935,ZCTA5 12935,649,49563
12936,ZCTA5 12936,208,64167
12937,ZCTA5 12937,711,44609
12939,ZCTA5 12939,106,56389
12941,ZCTA5 12941,531,65099
12942,ZCTA5 12942,387,56528
12943,ZCTA5 12943,166,41667
12944,ZCTA5 12944,1676,48000
12945,ZCTA5 12945,209,62303
12946,ZCTA5 12946,2003,60801
12950,ZCTA5 12950,316,68750
12952,ZCTA5 12952,222,32222
12953,ZCTA5 12953,4820,49561
12955,ZCTA5 12955,156,62000
12956,ZCTA5 12956,373,57188
12957,ZCTA5 12957,723,39006
12958,ZCTA5 12958,997,50625
12959,ZCTA5 12959,637,37601
12960,ZCTA5 12960,431,79622
12961,ZCTA5 12961,148,28980
12962,ZCTA5 12962,2402,71033
12964,ZCTA5 12964,37,158438
12965,ZCTA5 12965,180,41375
12966,ZCTA5 12966,1070,47500
12967,ZCTA5 12967,423,43950
12969,ZCTA5 12969,233,41058
12970,ZCTA5 12970,142,54167
12972,ZCTA5 12972,2178,67794
12973,ZCTA5 12973,48,61071
12974,ZCTA5 12974,660,51389
12975,ZCTA5 12975,145,-
12976,ZCTA5 12976,102,68750
12977,ZCTA5 12977,36,-
12978,ZCTA5 12978,144,-
12979,ZCTA5 12979,978,57727
12980,ZCTA5 12980,530,41477
12981,ZCTA5 12981,982,64167
12983,ZCTA5 12983,3384,55365
12985,ZCTA5 12985,569,41312
12986,ZCTA5 12986,2524,54861
12987,ZCTA5 12987,130,32500
12989,ZCTA5 12989,434,66167
12992,ZCTA5 12992,2097,51433
12993,ZCTA5 12993,670,47727
12996,ZCTA5 12996,926,63750
12997,ZCTA5 12997,538,58229
12998,ZCTA5 12998,185,42734
13020,ZCTA5 13020,74,56750
13021,ZCTA5 13021,16895,48869
13024,ZCTA5 13024,0,-
13026,ZCTA5 13026,589,62188
13027,ZCTA5 13027,13683,72908
13028,ZCTA5 13028,554,57500
13029,ZCTA5 13029,2842,70443
13030,ZCTA5 13030,1456,62625
13031,ZCTA5 13031,6350,72334
13032,ZCTA5 13032,4786,57078
13033,ZCTA5 13033,1388,60000
13034,ZCTA5 13034,768,65625
13035,ZCTA5 13035,3194,73750
13036,ZCTA5 13036,3533,53358
13037,ZCTA5 13037,3376,71098
13039,ZCTA5 13039,6641,88233
13040,ZCTA5 13040,1027,49155
13041,ZCTA5 13041,4214,83774
13042,ZCTA5 13042,979,51855
13044,ZCTA5 13044,969,59583
13045,ZCTA5 13045,10738,50042
13051,ZCTA5 13051,102,-
13052,ZCTA5 13052,597,54375
13053,ZCTA5 13053,1798,66136
13054,ZCTA5 13054,500,65714
13057,ZCTA5 13057,6113,58788
13060,ZCTA5 13060,1131,69107
13061,ZCTA5 13061,434,68889
13062,ZCTA5 13062,22,-
13063,ZCTA5 13063,640,82500
13064,ZCTA5 13064,34,-
13066,ZCTA5 13066,5165,84193
13068,ZCTA5 13068,2204,61761
13069,ZCTA5 13069,9262,46300
13071,ZCTA5 13071,353,61607
13072,ZCTA5 13072,250,53000
13073,ZCTA5 13073,2656,58125
13074,ZCTA5 13074,1573,54347
13076,ZCTA5 13076,930,54855
13077,ZCTA5 13077,2615,60337
13078,ZCTA5 13078,3768,87596
13080,ZCTA5 13080,1363,56226
13081,ZCTA5 13081,446,74250
13082,ZCTA5 13082,1763,72131
13083,ZCTA5 13083,705,63450
13084,ZCTA5 13084,1645,63438
13087,ZCTA5 13087,78,147907
13088,ZCTA5 13088,10282,54647
13090,ZCTA5 13090,12021,71952
13092,ZCTA5 13092,973,66838
13101,ZCTA5 13101,909,63381
13102,ZCTA5 13102,10,-
13103,ZCTA5 13103,128,67632
13104,ZCTA5 13104,5994,105000
13108,ZCTA5 13108,2436,74490
13110,ZCTA5 13110,949,77431
13111,ZCTA5 13111,617,46685
13112,ZCTA5 13112,698,58500
13113,ZCTA5 13113,89,71094
13114,ZCTA5 13114,2463,59590
13115,ZCTA5 13115,96,50909
13116,ZCTA5 13116,1368,58116
13117,ZCTA5 13117,97,47417
13118,ZCTA5 13118,2130,54901
13120,ZCTA5 13120,803,65091
13122,ZCTA5 13122,452,78235
13123,ZCTA5 13123,101,55825
13124,ZCTA5 13124,39,46250
13126,ZCTA5 13126,13550,50104
13131,ZCTA5 13131,1403,56505
13132,ZCTA5 13132,1490,60185
13134,ZCTA5 13134,56,73929
13135,ZCTA5 13135,2598,52545
13136,ZCTA5 13136,186,42045
13138,ZCTA5 13138,0,-
13140,ZCTA5 13140,1793,53598
13141,ZCTA5 13141,250,51154
13142,ZCTA5 13142,2450,46161
13143,ZCTA5 13143,1058,52645
13144,ZCTA5 13144,641,46635
13145,ZCTA5 13145,765,51028
13146,ZCTA5 13146,822,49722
13147,ZCTA5 13147,490,54792
13148,ZCTA5 13148,4495,52331
13152,ZCTA5 13152,3566,85556
13153,ZCTA5 13153,155,43750
13155,ZCTA5 13155,291,51750
13156,ZCTA5 13156,866,58333
13157,ZCTA5 13157,282,41250
13158,ZCTA5 13158,619,50865
13159,ZCTA5 13159,1957,71659
13160,ZCTA5 13160,776,64405
13162,ZCTA5 13162,140,-
13163,ZCTA5 13163,147,57917
13164,ZCTA5 13164,808,77083
13165,ZCTA5 13165,4426,51379
13166,ZCTA5 13166,2169,60201
13167,ZCTA5 13167,1310,51154
13202,ZCTA5 13202,2432,15000
13203,ZCTA5 13203,7136,34086
13204,ZCTA5 13204,7920,31735
13205,ZCTA5 13205,7265,30604
13206,ZCTA5 13206,7753,39911
13207,ZCTA5 13207,5190,50464
13208,ZCTA5 13208,8502,35673
13209,ZCTA5 13209,5676,53054
13210,ZCTA5 13210,8069,27690
13211,ZCTA5 13211,2610,45828
13212,ZCTA5 13212,8599,54610
13214,ZCTA5 13214,2961,72841
13215,ZCTA5 13215,5449,90345
13219,ZCTA5 13219,6371,59485
13224,ZCTA5 13224,3535,53021
13290,ZCTA5 13290,0,-
13301,ZCTA5 13301,42,76250
13302,ZCTA5 13302,633,49076
13303,ZCTA5 13303,482,66042
13304,ZCTA5 13304,646,75769
13305,ZCTA5 13305,128,47200
13308,ZCTA5 13308,1204,49000
13309,ZCTA5 13309,2279,53915
13310,ZCTA5 13310,197,45804
13312,ZCTA5 13312,187,49583
13313,ZCTA5 13313,192,40000
13314,ZCTA5 13314,170,41711
13315,ZCTA5 13315,524,56923
13316,ZCTA5 13316,2585,50038
13317,ZCTA5 13317,1518,49609
13318,ZCTA5 13318,462,64274
13319,ZCTA5 13319,292,36600
13320,ZCTA5 13320,858,58182
13321,ZCTA5 13321,516,40694
13322,ZCTA5 13322,432,55938
13323,ZCTA5 13323,4152,61381
13324,ZCTA5 13324,903,43477
13325,ZCTA5 13325,416,50263
13326,ZCTA5 13326,2434,61204
13327,ZCTA5 13327,744,47679
13328,ZCTA5 13328,555,61932
13329,ZCTA5 13329,1647,43810
13331,ZCTA5 13331,87,45250
13332,ZCTA5 13332,1015,50262
13333,ZCTA5 13333,17,33750
13334,ZCTA5 13334,406,62500
13335,ZCTA5 13335,574,59306
13337,ZCTA5 13337,328,69286
13338,ZCTA5 13338,556,50652
13339,ZCTA5 13339,2442,45300
13340,ZCTA5 13340,3203,53831
13341,ZCTA5 13341,53,112891
13342,ZCTA5 13342,108,70000
13343,ZCTA5 13343,720,59306
13345,ZCTA5 13345,69,93173
13346,ZCTA5 13346,1742,75690
13348,ZCTA5 13348,541,52235
13350,ZCTA5 13350,4189,46176
13352,ZCTA5 13352,38,-
13353,ZCTA5 13353,9,35625
13354,ZCTA5 13354,1349,78618
13355,ZCTA5 13355,300,58611
13357,ZCTA5 13357,4298,46283
13360,ZCTA5 13360,41,54375
13361,ZCTA5 13361,297,63125
13362,ZCTA5 13362,75,-
13363,ZCTA5 13363,886,59840
13364,ZCTA5 13364,63,31650
13365,ZCTA5 13365,3243,50183
13367,ZCTA5 13367,3086,57679
13368,ZCTA5 13368,481,46920
13402,ZCTA5 13402,789,52241
13403,ZCTA5 13403,1713,80568
13404,ZCTA5 13404,77,41250
13406,ZCTA5 13406,282,50700
13407,ZCTA5 13407,2129,48125
13408,ZCTA5 13408,952,52162
13409,ZCTA5 13409,938,51923
13410,ZCTA5 13410,101,56250
13411,ZCTA5 13411,1337,46286
13413,ZCTA5 13413,6564,68731
13415,ZCTA5 13415,32,48750
13416,ZCTA5 13416,915,53309
13417,ZCTA5 13417,1650,37427
13418,ZCTA5 13418,100,58750
13420,ZCTA5 13420,528,53938
13421,ZCTA5 13421,5516,46466
13424,ZCTA5 13424,940,54063
13425,ZCTA5 13425,880,48000
13428,ZCTA5 13428,639,40625
13431,ZCTA5 13431,676,54091
13433,ZCTA5 13433,675,46314
13435,ZCTA5 13435,110,58000
13436,ZCTA5 13436,30,56250
13437,ZCTA5 13437,172,50833
13438,ZCTA5 13438,1421,51332
13439,ZCTA5 13439,1563,50775
13440,ZCTA5 13440,16678,51580
13441,ZCTA5 13441,18,-
13450,ZCTA5 13450,31,52396
13452,ZCTA5 13452,1784,41591
13454,ZCTA5 13454,286,37500
13456,ZCTA5 13456,1594,66049
13459,ZCTA5 13459,903,50943
13460,ZCTA5 13460,1850,44471
13461,ZCTA5 13461,1277,58795
13464,ZCTA5 13464,570,42197
13468,ZCTA5 13468,156,58750
13469,ZCTA5 13469,364,80357
13470,ZCTA5 13470,332,41500
13471,ZCTA5 13471,1264,48782
13472,ZCTA5 13472,32,-
13473,ZCTA5 13473,243,55625
13475,ZCTA5 13475,13,-
13476,ZCTA5 13476,1365,64821
13477,ZCTA5 13477,585,47862
13478,ZCTA5 13478,1195,57721
13480,ZCTA5 13480,1427,52813
13483,ZCTA5 13483,103,-
13484,ZCTA5 13484,58,-
13485,ZCTA5 13485,441,39792
13486,ZCTA5 13486,365,56875
13488,ZCTA5 13488,55,50625
13489,ZCTA5 13489,246,51250
13490,ZCTA5 13490,656,62643
13491,ZCTA5 13491,1336,55125
13492,ZCTA5 13492,5079,59583
13493,ZCTA5 13493,663,50521
13494,ZCTA5 13494,104,63333
13495,ZCTA5 13495,850,54583
13501,ZCTA5 13501,14293,33710
13502,ZCTA5 13502,12814,41475
13601,ZCTA5 13601,15212,46365
13602,ZCTA5 13602,114,38000
13603,ZCTA5 13603,3278,42864
13605,ZCTA5 13605,1774,50385
13606,ZCTA5 13606,1111,64698
13607,ZCTA5 13607,707,48606
13608,ZCTA5 13608,554,45000
13612,ZCTA5 13612,887,64877
13613,ZCTA5 13613,1079,50262
13614,ZCTA5 13614,91,25625
13615,ZCTA5 13615,451,56250
13616,ZCTA5 13616,789,54432
13617,ZCTA5 13617,3524,57365
13618,ZCTA5 13618,780,52700
13619,ZCTA5 13619,4175,50701
13620,ZCTA5 13620,739,37083
13621,ZCTA5 13621,215,42788
13622,ZCTA5 13622,890,61905
13623,ZCTA5 13623,10,63333
13624,ZCTA5 13624,2021,65826
13625,ZCTA5 13625,791,56993
13626,ZCTA5 13626,939,48438
13628,ZCTA5 13628,79,44750
13630,ZCTA5 13630,513,51513
13633,ZCTA5 13633,122,69375
13634,ZCTA5 13634,1540,53250
13635,ZCTA5 13635,413,48021
13636,ZCTA5 13636,121,67625
13637,ZCTA5 13637,1828,52379
13638,ZCTA5 13638,145,38920
13639,ZCTA5 13639,106,48750
13640,ZCTA5 13640,196,46667
13641,ZCTA5 13641,34,-
13642,ZCTA5 13642,3572,40619
13643,ZCTA5 13643,0,-
13646,ZCTA5 13646,947,45602
13647,ZCTA5 13647,22,-
13648,ZCTA5 13648,934,44489
13650,ZCTA5 13650,671,60046
13651,ZCTA5 13651,81,105417
13652,ZCTA5 13652,713,58281
13654,ZCTA5 13654,955,51688
13655,ZCTA5 13655,1247,36712
13656,ZCTA5 13656,962,55078
13658,ZCTA5 13658,824,60000
13659,ZCTA5 13659,197,49688
13660,ZCTA5 13660,651,48618
13661,ZCTA5 13661,518,73462
13662,ZCTA5 13662,7257,47394
13664,ZCTA5 13664,139,68125
13665,ZCTA5 13665,323,63068
13666,ZCTA5 13666,99,23917
13667,ZCTA5 13667,1181,42917
13668,ZCTA5 13668,1546,51905
13669,ZCTA5 13669,6143,46905
13670,ZCTA5 13670,198,37083
13672,ZCTA5 13672,337,53359
13673,ZCTA5 13673,933,49205
13674,ZCTA5 13674,40,48854
13675,ZCTA5 13675,54,61548
13676,ZCTA5 13676,5312,50000
13677,ZCTA5 13677,25,-
13678,ZCTA5 13678,96,-
13679,ZCTA5 13679,752,46563
13680,ZCTA5 13680,514,36389
13681,ZCTA5 13681,300,53333
13682,ZCTA5 13682,304,65625
13684,ZCTA5 13684,426,46731
13685,ZCTA5 13685,1009,57212
13687,ZCTA5 13687,189,47292
13690,ZCTA5 13690,328,41591
13691,ZCTA5 13691,1086,58750
13692,ZCTA5 13692,31,57946
13693,ZCTA5 13693,196,45417
13694,ZCTA5 13694,624,70333
13695,ZCTA5 13695,52,100556
13696,ZCTA5 13696,27,-
13697,ZCTA5 13697,814,39167
13730,ZCTA5 13730,1167,51580
13731,ZCTA5 13731,441,48681
13732,ZCTA5 13732,2946,81106
13733,ZCTA5 13733,2170,49821
13734,ZCTA5 13734,886,47065
13736,ZCTA5 13736,800,61827
13739,ZCTA5 13739,326,56818
13740,ZCTA5 13740,230,72500
13743,ZCTA5 13743,1337,57866
13744,ZCTA5 13744,476,59853
13746,ZCTA5 13746,844,51667
13748,ZCTA5 13748,1379,51875
13750,ZCTA5 13750,409,41583
13751,ZCTA5 13751,50,-
13752,ZCTA5 13752,343,54583
13753,ZCTA5 13753,1780,52192
13754,ZCTA5 13754,1434,38690
13755,ZCTA5 13755,537,43438
13756,ZCTA5 13756,182,51250
13757,ZCTA5 13757,524,54123
13760,ZCTA5 13760,19116,54972
13774,ZCTA5 13774,60,33750
13775,ZCTA5 13775,735,52176
13776,ZCTA5 13776,216,55313
13777,ZCTA5 13777,144,63750
13778,ZCTA5 13778,2258,57365
13780,ZCTA5 13780,401,50977
13782,ZCTA5 13782,294,52143
13783,ZCTA5 13783,1069,38625
13784,ZCTA5 13784,41,29712
13786,ZCTA5 13786,186,50625
13787,ZCTA5 13787,1377,44177
13788,ZCTA5 13788,420,49800
13790,ZCTA5 13790,7699,42454
13794,ZCTA5 13794,24,57500
13795,ZCTA5 13795,1470,51987
13796,ZCTA5 13796,602,61458
13797,ZCTA5 13797,764,49400
13801,ZCTA5 13801,633,37426
13802,ZCTA5 13802,235,59438
13803,ZCTA5 13803,1511,58493
13804,ZCTA5 13804,175,55917
13806,ZCTA5 13806,121,40313
13807,ZCTA5 13807,514,49667
13808,ZCTA5 13808,570,53095
13809,ZCTA5 13809,703,52734
13810,ZCTA5 13810,497,44489
13811,ZCTA5 13811,1712,59009
13812,ZCTA5 13812,962,56042
13813,ZCTA5 13813,183,50375
13815,ZCTA5 13815,5420,47031
13820,ZCTA5 13820,7508,46659
13825,ZCTA5 13825,1406,53750
13826,ZCTA5 13826,13,-
13827,ZCTA5 13827,5021,52538
13830,ZCTA5 13830,2174,47679
13832,ZCTA5 13832,231,40313
13833,ZCTA5 13833,1717,55013
13834,ZCTA5 13834,64,71037
13835,ZCTA5 13835,520,50441
13838,ZCTA5 13838,1861,37981
13839,ZCTA5 13839,479,44792
13841,ZCTA5 13841,224,39091
13842,ZCTA5 13842,161,66964
13843,ZCTA5 13843,861,50927
13844,ZCTA5 13844,300,47188
13845,ZCTA5 13845,0,-
13846,ZCTA5 13846,145,31250
13847,ZCTA5 13847,22,-
13849,ZCTA5 13849,1764,43821
13850,ZCTA5 13850,8716,62279
13856,ZCTA5 13856,2577,49201
13859,ZCTA5 13859,114,66250
13860,ZCTA5 13860,26,83250
13861,ZCTA5 13861,116,110375
13862,ZCTA5 13862,1694,60950
13863,ZCTA5 13863,220,56667
13864,ZCTA5 13864,485,38695
13865,ZCTA5 13865,2275,67077
13901,ZCTA5 13901,8252,44089
13902,ZCTA5 13902,8,-
13903,ZCTA5 13903,7726,46021
13904,ZCTA5 13904,3763,47656
13905,ZCTA5 13905,11398,38602
14001,ZCTA5 14001,4070,59197
14004,ZCTA5 14004,4114,70943
14005,ZCTA5 14005,710,58611
14006,ZCTA5 14006,4279,56855
14008,ZCTA5 14008,522,56691
14009,ZCTA5 14009,2325,46857
14011,ZCTA5 14011,2575,64009
14012,ZCTA5 14012,905,55856
14013,ZCTA5 14013,731,53272
14020,ZCTA5 14020,9607,50050
14024,ZCTA5 14024,657,59205
14025,ZCTA5 14025,1358,57585
14026,ZCTA5 14026,350,81375
14028,ZCTA5 14028,646,75242
14030,ZCTA5 14030,652,63421
14031,ZCTA5 14031,3954,81452
14032,ZCTA5 14032,2969,106701
14033,ZCTA5 14033,872,84211
14034,ZCTA5 14034,764,59118
14035,ZCTA5 14035,33,70859
14036,ZCTA5 14036,2078,63661
14037,ZCTA5 14037,418,70000
14039,ZCTA5 14039,43,55313
14040,ZCTA5 14040,839,54119
14041,ZCTA5 14041,60,46389
14042,ZCTA5 14042,1586,42311
14043,ZCTA5 14043,11034,57611
14047,ZCTA5 14047,2577,64485
14048,ZCTA5 14048,6158,36341
14051,ZCTA5 14051,7563,113750
14052,ZCTA5 14052,6664,75388
14054,ZCTA5 14054,562,57679
14055,ZCTA5 14055,568,65321
14057,ZCTA5 14057,3245,70957
14058,ZCTA5 14058,746,63571
14059,ZCTA5 14059,4104,74884
14060,ZCTA5 14060,154,46250
14061,ZCTA5 14061,137,53906
14062,ZCTA5 14062,1290,51341
14063,ZCTA5 14063,5092,51489
14065,ZCTA5 14065,708,49853
14066,ZCTA5 14066,490,53929
14067,ZCTA5 14067,2073,53625
14068,ZCTA5 14068,2774,76579
14069,ZCTA5 14069,362,55278
14070,ZCTA5 14070,2177,38260
14072,ZCTA5 14072,8044,81818
14075,ZCTA5 14075,17906,67063
14080,ZCTA5 14080,1685,65674
14081,ZCTA5 14081,1336,47805
14082,ZCTA5 14082,216,57857
14085,ZCTA5 14085,2561,82351
14086,ZCTA5 14086,12914,79596
14091,ZCTA5 14091,411,52232
14092,ZCTA5 14092,4862,63545
14094,ZCTA5 14094,20233,53029
14098,ZCTA5 14098,1164,56833
14101,ZCTA5 14101,661,52736
14102,ZCTA5 14102,467,93558
14103,ZCTA5 14103,4524,45946
14105,ZCTA5 14105,1754,60486
14108,ZCTA5 14108,2295,57043
14109,ZCTA5 14109,0,-
14111,ZCTA5 14111,1316,56250
14112,ZCTA5 14112,0,-
14113,ZCTA5 14113,289,44886
14120,ZCTA5 14120,18727,59802
14125,ZCTA5 14125,1384,56184
14126,ZCTA5 14126,255,-
14127,ZCTA5 14127,11999,88197
14129,ZCTA5 14129,597,46932
14130,ZCTA5 14130,64,36250
14131,ZCTA5 14131,2057,71051
14132,ZCTA5 14132,2446,65553
14134,ZCTA5 14134,45,78250
14135,ZCTA5 14135,49,46458
14136,ZCTA5 14136,2098,51694
14138,ZCTA5 14138,773,48942
14139,ZCTA5 14139,997,82993
14141,ZCTA5 14141,3148,56114
14143,ZCTA5 14143,500,55610
14145,ZCTA5 14145,661,59837
14150,ZCTA5 14150,18762,52783
14167,ZCTA5 14167,702,60714
14168,ZCTA5 14168,13,-
14169,ZCTA5 14169,67,30875
14170,ZCTA5 14170,1032,73873
14171,ZCTA5 14171,878,50875
14172,ZCTA5 14172,1237,56339
14173,ZCTA5 14173,164,-
14174,ZCTA5 14174,2270,66731
14201,ZCTA5 14201,5614,27369
14202,ZCTA5 14202,1655,44049
14203,ZCTA5 14203,1021,33388
14204,ZCTA5 14204,4125,25267
14206,ZCTA5 14206,8763,37200
14207,ZCTA5 14207,9507,26448
14208,ZCTA5 14208,4362,24414
14209,ZCTA5 14209,3836,33327
14210,ZCTA5 14210,6181,37384
14211,ZCTA5 14211,9068,25019
14212,ZCTA5 14212,4569,23362
14213,ZCTA5 14213,9087,31445
14214,ZCTA5 14214,7824,44310
14215,ZCTA5 14215,16585,35160
14216,ZCTA5 14216,10488,52724
14217,ZCTA5 14217,10752,52551
14218,ZCTA5 14218,7888,36530
14219,ZCTA5 14219,5300,51972
14220,ZCTA5 14220,9878,50856
14221,ZCTA5 14221,22869,80558
14222,ZCTA5 14222,6734,52868
14223,ZCTA5 14223,10091,60149
14224,ZCTA5 14224,17638,63809
14225,ZCTA5 14225,15299,47210
14226,ZCTA5 14226,12466,68810
14227,ZCTA5 14227,10597,52385
14228,ZCTA5 14228,9249,49704
14261,ZCTA5 14261,8,-
14301,ZCTA5 14301,5468,26019
14302,ZCTA5 14302,17,-
14303,ZCTA5 14303,2526,30574
14304,ZCTA5 14304,12824,50754
14305,ZCTA5 14305,6826,35647
14411,ZCTA5 14411,4981,44659
14414,ZCTA5 14414,2963,55775
14415,ZCTA5 14415,76,-
14416,ZCTA5 14416,1427,51827
14418,ZCTA5 14418,523,71458
14420,ZCTA5 14420,7127,56292
14422,ZCTA5 14422,964,62357
14423,ZCTA5 14423,1886,53028
14424,ZCTA5 14424,11911,58233
14425,ZCTA5 14425,4727,67819
14427,ZCTA5 14427,824,55068
14428,ZCTA5 14428,3114,71409
14432,ZCTA5 14432,2307,59006
14433,ZCTA5 14433,1473,55075
14435,ZCTA5 14435,1230,64313
14437,ZCTA5 14437,4129,43570
14441,ZCTA5 14441,148,55833
14445,ZCTA5 14445,3425,50551
14450,ZCTA5 14450,16982,81696
14454,ZCTA5 14454,3321,44916
14456,ZCTA5 14456,7768,45955
14462,ZCTA5 14462,204,59423
14464,ZCTA5 14464,2763,57652
14466,ZCTA5 14466,700,75900
14467,ZCTA5 14467,4026,68974
14468,ZCTA5 14468,6659,71009
14469,ZCTA5 14469,2520,65952
14470,ZCTA5 14470,3216,49881
14471,ZCTA5 14471,990,60478
14472,ZCTA5 14472,3178,85826
14475,ZCTA5 14475,108,66875
14476,ZCTA5 14476,878,53643
14477,ZCTA5 14477,642,62188
14478,ZCTA5 14478,244,86932
14479,ZCTA5 14479,94,56875
14480,ZCTA5 14480,360,39423
14481,ZCTA5 14481,817,54607
14482,ZCTA5 14482,3509,53083
14485,ZCTA5 14485,1646,56667
14486,ZCTA5 14486,158,62200
14487,ZCTA5 14487,2356,70250
14489,ZCTA5 14489,2731,49259
14502,ZCTA5 14502,4204,66887
14504,ZCTA5 14504,781,55598
14505,ZCTA5 14505,2004,65458
14506,ZCTA5 14506,529,129196
14507,ZCTA5 14507,498,60357
14510,ZCTA5 14510,1859,46825
14511,ZCTA5 14511,221,53044
14512,ZCTA5 14512,1949,55179
14513,ZCTA5 14513,5827,43037
14514,ZCTA5 14514,2623,62381
14516,ZCTA5 14516,938,58938
14517,ZCTA5 14517,1247,44243
14519,ZCTA5 14519,5002,61758
14521,ZCTA5 14521,954,48977
14522,ZCTA5 14522,3892,51913
14525,ZCTA5 14525,994,74074
14526,ZCTA5 14526,8268,82143
14527,ZCTA5 14527,4976,51159
14529,ZCTA5 14529,47,111302
14530,ZCTA5 14530,2162,52064
14532,ZCTA5 14532,1677,62271
14533,ZCTA5 14533,733,56042
14534,ZCTA5 14534,11997,111420
14536,ZCTA5 14536,251,42813
14537,ZCTA5 14537,55,32708
14539,ZCTA5 14539,59,54306
14541,ZCTA5 14541,941,61107
14542,ZCTA5 14542,20,-
14543,ZCTA5 14543,1254,82143
14544,ZCTA5 14544,750,51797
14545,ZCTA5 14545,63,70417
14546,ZCTA5 14546,1872,60000
14548,ZCTA5 14548,1573,61708
14549,ZCTA5 14549,23,-
14550,ZCTA5 14550,705,49408
14551,ZCTA5 14551,2012,47169
14555,ZCTA5 14555,544,40761
14559,ZCTA5 14559,6740,77167
14560,ZCTA5 14560,864,58000
14561,ZCTA5 14561,1126,65850
14564,ZCTA5 14564,5779,98560
14568,ZCTA5 14568,2115,79805
14569,ZCTA5 14569,2619,55994
14571,ZCTA5 14571,456,47632
14572,ZCTA5 14572,2151,49356
14580,ZCTA5 14580,20939,77159
14585,ZCTA5 14585,60,48750
14586,ZCTA5 14586,4143,82076
14588,ZCTA5 14588,64,-
14589,ZCTA5 14589,2978,54896
14590,ZCTA5 14590,2130,43827
14591,ZCTA5 14591,637,56932
14592,ZCTA5 14592,111,60625
14604,ZCTA5 14604,1442,16764
14605,ZCTA5 14605,4581,21047
14606,ZCTA5 14606,11342,41158
14607,ZCTA5 14607,9515,42589
14608,ZCTA5 14608,5142,20761
14609,ZCTA5 14609,17532,42012
14610,ZCTA5 14610,6908,62923
14611,ZCTA5 14611,6686,25772
14612,ZCTA5 14612,15008,59034
14613,ZCTA5 14613,4853,31169
14614,ZCTA5 14614,53,-
14615,ZCTA5 14615,7054,38135
14616,ZCTA5 14616,12149,47096
14617,ZCTA5 14617,9483,64589
14618,ZCTA5 14618,8440,93309
14619,ZCTA5 14619,5309,37383
14620,ZCTA5 14620,11232,41777
14621,ZCTA5 14621,12690,26104
14622,ZCTA5 14622,5536,50953
14623,ZCTA5 14623,8598,49972
14624,ZCTA5 14624,13979,64645
14625,ZCTA5 14625,4354,76642
14626,ZCTA5 14626,12853,58330
14627,ZCTA5 14627,0,-
14701,ZCTA5 14701,16728,37883
14706,ZCTA5 14706,2646,51941
14707,ZCTA5 14707,101,80417
14708,ZCTA5 14708,52,61250
14709,ZCTA5 14709,596,47115
14710,ZCTA5 14710,1340,54314
14711,ZCTA5 14711,746,46375
14712,ZCTA5 14712,1414,51667
14714,ZCTA5 14714,208,48409
14715,ZCTA5 14715,1133,39957
14716,ZCTA5 14716,852,39400
14717,ZCTA5 14717,235,36528
14718,ZCTA5 14718,887,56580
14719,ZCTA5 14719,1352,46146
14720,ZCTA5 14720,379,35250
14721,ZCTA5 14721,73,39063
14722,ZCTA5 14722,118,115673
14723,ZCTA5 14723,422,54038
14724,ZCTA5 14724,858,50417
14726,ZCTA5 14726,585,37569
14727,ZCTA5 14727,2174,49430
14728,ZCTA5 14728,423,42404
14729,ZCTA5 14729,419,61971
14731,ZCTA5 14731,589,56696
14732,ZCTA5 14732,46,58750
14733,ZCTA5 14733,1575,42117
14735,ZCTA5 14735,1180,37844
14736,ZCTA5 14736,106,46111
14737,ZCTA5 14737,1752,47321
14738,ZCTA5 14738,1499,45160
14739,ZCTA5 14739,1195,40288
14740,ZCTA5 14740,496,53966
14741,ZCTA5 14741,829,56012
14742,ZCTA5 14742,85,-
14743,ZCTA5 14743,759,46691
14744,ZCTA5 14744,455,52188
14747,ZCTA5 14747,921,45150
14748,ZCTA5 14748,277,26563
14750,ZCTA5 14750,2058,53519
14752,ZCTA5 14752,144,-
14753,ZCTA5 14753,491,34191
14754,ZCTA5 14754,277,46550
14755,ZCTA5 14755,1237,47682
14756,ZCTA5 14756,48,39211
14757,ZCTA5 14757,1306,51389
14760,ZCTA5 14760,8068,43065
14767,ZCTA5 14767,674,45000
14769,ZCTA5 14769,408,45682
14770,ZCTA5 14770,1093,59276
14772,ZCTA5 14772,1481,41494
14774,ZCTA5 14774,31,60417
14775,ZCTA5 14775,1019,45104
14777,ZCTA5 14777,254,44091
14778,ZCTA5 14778,0,-
14779,ZCTA5 14779,2726,33059
14781,ZCTA5 14781,785,44491
14782,ZCTA5 14782,918,44674
14783,ZCTA5 14783,143,31458
14784,ZCTA5 14784,280,44375
14787,ZCTA5 14787,2057,46964
14788,ZCTA5 14788,91,-
14801,ZCTA5 14801,2105,49561
14802,ZCTA5 14802,345,35125
14803,ZCTA5 14803,444,45000
14804,ZCTA5 14804,536,58864
14805,ZCTA5 14805,417,56563
14806,ZCTA5 14806,858,53403
14807,ZCTA5 14807,1234,53430
14808,ZCTA5 14808,200,55781
14809,ZCTA5 14809,968,46111
14810,ZCTA5 14810,5048,41061
14812,ZCTA5 14812,1174,52303
14813,ZCTA5 14813,1056,46339
14814,ZCTA5 14814,644,77330
14815,ZCTA5 14815,386,49167
14816,ZCTA5 14816,144,61528
14817,ZCTA5 14817,842,46901
14818,ZCTA5 14818,971,59972
14819,ZCTA5 14819,257,30875
14820,ZCTA5 14820,313,49063
14821,ZCTA5 14821,1284,51466
14822,ZCTA5 14822,481,44110
14823,ZCTA5 14823,1476,51406
14824,ZCTA5 14824,241,41920
14825,ZCTA5 14825,331,67344
14826,ZCTA5 14826,805,44375
14827,ZCTA5 14827,97,62716
14830,ZCTA5 14830,8619,54079
14836,ZCTA5 14836,331,74125
14837,ZCTA5 14837,2170,49615
14838,ZCTA5 14838,821,57578
14839,ZCTA5 14839,274,49583
14840,ZCTA5 14840,1378,53036
14841,ZCTA5 14841,276,45152
14842,ZCTA5 14842,330,39483
14843,ZCTA5 14843,5324,44792
14845,ZCTA5 14845,8777,62041
14846,ZCTA5 14846,355,48958
14847,ZCTA5 14847,1012,46429
14850,ZCTA5 14850,24673,51564
14853,ZCTA5 14853,0,-
14854,ZCTA5 14854,21,-
14855,ZCTA5 14855,305,49779
14856,ZCTA5 14856,90,-
14858,ZCTA5 14858,567,47875
14859,ZCTA5 14859,321,56750
14860,ZCTA5 14860,537,48558
14861,ZCTA5 14861,590,44808
14864,ZCTA5 14864,529,54792
14865,ZCTA5 14865,1123,41542
14867,ZCTA5 14867,2366,61791
14869,ZCTA5 14869,490,52414
14870,ZCTA5 14870,4251,61846
14871,ZCTA5 14871,1906,65700
14872,ZCTA5 14872,291,57188
14873,ZCTA5 14873,998,50183
14874,ZCTA5 14874,139,48438
14877,ZCTA5 14877,170,53333
14878,ZCTA5 14878,242,65313
14879,ZCTA5 14879,896,54063
14880,ZCTA5 14880,609,51250
14881,ZCTA5 14881,113,115495
14882,ZCTA5 14882,1693,67940
14883,ZCTA5 14883,1800,44659
14884,ZCTA5 14884,116,55000
14885,ZCTA5 14885,266,56071
14886,ZCTA5 14886,3061,65750
14889,ZCTA5 14889,644,51932
14891,ZCTA5 14891,1783,46406
14892,ZCTA5 14892,3264,41010
14893,ZCTA5 14893,3,-
14894,ZCTA5 14894,514,44821
14895,ZCTA5 14895,4239,43888
14897,ZCTA5 14897,329,46016
14898,ZCTA5 14898,640,41439
14901,ZCTA5 14901,5363,29072
14903,ZCTA5 14903,3133,57670
14904,ZCTA5 14904,6439,42494
14905,ZCTA5 14905,3871,53030
